<annotation verified="yes">
	<folder>all</folder>
	<filename>002_12.jpg</filename>
	<path>/home/lz/Lab/dataset/croped/all/002_12.jpg</path>
	<source>
		<database>Unknown</database>
	</source>
	<size>
		<width>500</width>
		<height>400</height>
		<depth>3</depth>
	</size>
	<segmented>0</segmented>
	<object>
		<name>tomato</name>
		<pose>Unspecified</pose>
		<truncated>1</truncated>
		<difficult>0</difficult>
		<bndbox>
			<xmin>110</xmin>
			<ymin>1</ymin>
			<xmax>447</xmax>
			<ymax>215</ymax>
		</bndbox>
	</object>
	<object>
		<name>tomato</name>
		<pose>Unspecified</pose>
		<truncated>1</truncated>
		<difficult>0</difficult>
		<bndbox>
			<xmin>275</xmin>
			<ymin>303</ymin>
			<xmax>500</xmax>
			<ymax>398</ymax>
		</bndbox>
	</object>
	<object>
		<name>tomato</name>
		<pose>Unspecified</pose>
		<truncated>1</truncated>
		<difficult>0</difficult>
		<bndbox>
			<xmin>100</xmin>
			<ymin>375</ymin>
			<xmax>241</xmax>
			<ymax>400</ymax>
		</bndbox>
	</object>
</annotation>
