<annotation verified="yes">
	<folder>all</folder>
	<filename>003_10.jpg</filename>
	<path>/home/lz/Lab/dataset/croped/all/003_10.jpg</path>
	<source>
		<database>Unknown</database>
	</source>
	<size>
		<width>500</width>
		<height>400</height>
		<depth>3</depth>
	</size>
	<segmented>0</segmented>
	<object>
		<name>tomato</name>
		<pose>Unspecified</pose>
		<truncated>1</truncated>
		<difficult>0</difficult>
		<bndbox>
			<xmin>466</xmin>
			<ymin>40</ymin>
			<xmax>500</xmax>
			<ymax>153</ymax>
		</bndbox>
	</object>
	<object>
		<name>tomato</name>
		<pose>Unspecified</pose>
		<truncated>1</truncated>
		<difficult>0</difficult>
		<bndbox>
			<xmin>468</xmin>
			<ymin>1</ymin>
			<xmax>500</xmax>
			<ymax>45</ymax>
		</bndbox>
	</object>
	<object>
		<name>tomato</name>
		<pose>Unspecified</pose>
		<truncated>1</truncated>
		<difficult>0</difficult>
		<bndbox>
			<xmin>492</xmin>
			<ymin>193</ymin>
			<xmax>500</xmax>
			<ymax>248</ymax>
		</bndbox>
	</object>
</annotation>
