<?xml version='1.0' encoding='utf-8'?>
<annotation verified="yes">
	<folder>1560x2080</folder>
	<filename>004_12.jpg</filename>
	<path>G:\tomato_2018\1560x2080\004.jpg</path>
	<source>
		<database>Unknown</database>
	</source>
	<size>
		<width>400</width>
		<height>500</height>
		<depth>3</depth>
	</size>
	<segmented>0</segmented>
	<object>
		<name>tomato</name>
		<pose>Unspecified</pose>
		<truncated>0</truncated>
		<difficult>0</difficult>
		<bndbox>
			<xmin>0</xmin>
			<ymin>306</ymin>
			<xmax>15</xmax>
			<ymax>345</ymax>
		</bndbox>
	</object>
	<object>
		<name>tomato</name>
		<pose>Unspecified</pose>
		<truncated>0</truncated>
		<difficult>0</difficult>
		<bndbox>
			<xmin>0</xmin>
			<ymin>264</ymin>
			<xmax>35</xmax>
			<ymax>305</ymax>
		</bndbox>
	</object>
	<object>
		<name>tomato</name>
		<pose>Unspecified</pose>
		<truncated>0</truncated>
		<difficult>0</difficult>
		<bndbox>
			<xmin>254</xmin>
			<ymin>406</ymin>
			<xmax>344</xmax>
			<ymax>497</ymax>
		</bndbox>
	</object>
	<object>
		<name>tomato</name>
		<pose>Unspecified</pose>
		<truncated>1</truncated>
		<difficult>0</difficult>
		<bndbox>
			<xmin>388</xmin>
			<ymin>95</ymin>
			<xmax>400</xmax>
			<ymax>118</ymax>
		</bndbox>
	</object>
</annotation>