<annotation verified="yes">
	<folder>all</folder>
	<filename>004_18.jpg</filename>
	<path>/home/lz/Lab/dataset/croped/all/004_18.jpg</path>
	<source>
		<database>Unknown</database>
	</source>
	<size>
		<width>400</width>
		<height>500</height>
		<depth>3</depth>
	</size>
	<segmented>0</segmented>
	<object>
		<name>tomato</name>
		<pose>Unspecified</pose>
		<truncated>1</truncated>
		<difficult>0</difficult>
		<bndbox>
			<xmin>1</xmin>
			<ymin>11</ymin>
			<xmax>54</xmax>
			<ymax>102</ymax>
		</bndbox>
	</object>
	<object>
		<name>tomato</name>
		<pose>Unspecified</pose>
		<truncated>0</truncated>
		<difficult>0</difficult>
		<bndbox>
			<xmin>2</xmin>
			<ymin>229</ymin>
			<xmax>27</xmax>
			<ymax>278</ymax>
		</bndbox>
	</object>
</annotation>
