<annotation verified="yes">
	<folder>all</folder>
	<filename>005_15.jpg</filename>
	<path>/home/lz/Lab/dataset/croped/all/005_15.jpg</path>
	<source>
		<database>Unknown</database>
	</source>
	<size>
		<width>400</width>
		<height>500</height>
		<depth>3</depth>
	</size>
	<segmented>0</segmented>
	<object>
		<name>tomato</name>
		<pose>Unspecified</pose>
		<truncated>1</truncated>
		<difficult>0</difficult>
		<bndbox>
			<xmin>344</xmin>
			<ymin>22</ymin>
			<xmax>400</xmax>
			<ymax>135</ymax>
		</bndbox>
	</object>
	<object>
		<name>tomato</name>
		<pose>Unspecified</pose>
		<truncated>1</truncated>
		<difficult>0</difficult>
		<bndbox>
			<xmin>316</xmin>
			<ymin>1</ymin>
			<xmax>400</xmax>
			<ymax>44</ymax>
		</bndbox>
	</object>
	<object>
		<name>tomato</name>
		<pose>Unspecified</pose>
		<truncated>1</truncated>
		<difficult>0</difficult>
		<bndbox>
			<xmin>379</xmin>
			<ymin>126</ymin>
			<xmax>400</xmax>
			<ymax>193</ymax>
		</bndbox>
	</object>
</annotation>
