<annotation verified="yes">
	<folder>all</folder>
	<filename>008_2.jpg</filename>
	<path>/home/lz/Lab/dataset/croped/all/008_2.jpg</path>
	<source>
		<database>Unknown</database>
	</source>
	<size>
		<width>500</width>
		<height>400</height>
		<depth>3</depth>
	</size>
	<segmented>0</segmented>
	<object>
		<name>tomato</name>
		<pose>Unspecified</pose>
		<truncated>1</truncated>
		<difficult>0</difficult>
		<bndbox>
			<xmin>161</xmin>
			<ymin>355</ymin>
			<xmax>232</xmax>
			<ymax>400</ymax>
		</bndbox>
	</object>
</annotation>
