<annotation verified="yes">
	<folder>all</folder>
	<filename>012_8.jpg</filename>
	<path>/home/lz/Lab/dataset/croped/all/012_8.jpg</path>
	<source>
		<database>Unknown</database>
	</source>
	<size>
		<width>400</width>
		<height>500</height>
		<depth>3</depth>
	</size>
	<segmented>0</segmented>
	<object>
		<name>tomato</name>
		<pose>Unspecified</pose>
		<truncated>1</truncated>
		<difficult>0</difficult>
		<bndbox>
			<xmin>223</xmin>
			<ymin>1</ymin>
			<xmax>400</xmax>
			<ymax>354</ymax>
		</bndbox>
	</object>
	<object>
		<name>tomato</name>
		<pose>Unspecified</pose>
		<truncated>1</truncated>
		<difficult>0</difficult>
		<bndbox>
			<xmin>254</xmin>
			<ymin>316</ymin>
			<xmax>399</xmax>
			<ymax>500</ymax>
		</bndbox>
	</object>
</annotation>
