<annotation verified="yes">
	<folder>all</folder>
	<filename>012_17.jpg</filename>
	<path>/home/lz/Lab/dataset/croped/all/012_17.jpg</path>
	<source>
		<database>Unknown</database>
	</source>
	<size>
		<width>400</width>
		<height>500</height>
		<depth>3</depth>
	</size>
	<segmented>0</segmented>
	<object>
		<name>tomato</name>
		<pose>Unspecified</pose>
		<truncated>1</truncated>
		<difficult>0</difficult>
		<bndbox>
			<xmin>1</xmin>
			<ymin>12</ymin>
			<xmax>339</xmax>
			<ymax>431</ymax>
		</bndbox>
	</object>
	<object>
		<name>tomato</name>
		<pose>Unspecified</pose>
		<truncated>1</truncated>
		<difficult>0</difficult>
		<bndbox>
			<xmin>5</xmin>
			<ymin>414</ymin>
			<xmax>251</xmax>
			<ymax>500</ymax>
		</bndbox>
	</object>
</annotation>
