<annotation verified="yes">
	<folder>all</folder>
	<filename>012_6.jpg</filename>
	<path>/home/lz/Lab/dataset/croped/all/012_6.jpg</path>
	<source>
		<database>Unknown</database>
	</source>
	<size>
		<width>400</width>
		<height>500</height>
		<depth>3</depth>
	</size>
	<segmented>0</segmented>
	<object>
		<name>tomato</name>
		<pose>Unspecified</pose>
		<truncated>1</truncated>
		<difficult>0</difficult>
		<bndbox>
			<xmin>143</xmin>
			<ymin>13</ymin>
			<xmax>400</xmax>
			<ymax>500</ymax>
		</bndbox>
	</object>
	<object>
		<name>tomato</name>
		<pose>Unspecified</pose>
		<truncated>0</truncated>
		<difficult>0</difficult>
		<bndbox>
			<xmin>117</xmin>
			<ymin>248</ymin>
			<xmax>149</xmax>
			<ymax>283</ymax>
		</bndbox>
	</object>
</annotation>
