<?xml version='1.0' encoding='utf-8'?>
<annotation verified="yes">
	<folder>1560x2080</folder>
	<filename>020_21.jpg</filename>
	<path>G:\tomato_2018\1560x2080\020.jpg</path>
	<source>
		<database>Unknown</database>
	</source>
	<size>
		<width>400</width>
		<height>500</height>
		<depth>3</depth>
	</size>
	<segmented>0</segmented>
	<object>
		<name>tomato</name>
		<pose>Unspecified</pose>
		<truncated>0</truncated>
		<difficult>0</difficult>
		<bndbox>
			<xmin>221</xmin>
			<ymin>461</ymin>
			<xmax>323</xmax>
			<ymax>500</ymax>
		</bndbox>
	</object>
	<object>
		<name>tomato</name>
		<pose>Unspecified</pose>
		<truncated>0</truncated>
		<difficult>0</difficult>
		<bndbox>
			<xmin>199</xmin>
			<ymin>383</ymin>
			<xmax>301</xmax>
			<ymax>492</ymax>
		</bndbox>
	</object>
	<object>
		<name>tomato</name>
		<pose>Unspecified</pose>
		<truncated>0</truncated>
		<difficult>0</difficult>
		<bndbox>
			<xmin>127</xmin>
			<ymin>339</ymin>
			<xmax>212</xmax>
			<ymax>433</ymax>
		</bndbox>
	</object>
</annotation>