<annotation verified="yes">
	<folder>all</folder>
	<filename>037_7.jpg</filename>
	<path>/home/lz/Lab/dataset/croped/all/037_7.jpg</path>
	<source>
		<database>Unknown</database>
	</source>
	<size>
		<width>400</width>
		<height>500</height>
		<depth>3</depth>
	</size>
	<segmented>0</segmented>
	<object>
		<name>tomato</name>
		<pose>Unspecified</pose>
		<truncated>0</truncated>
		<difficult>0</difficult>
		<bndbox>
			<xmin>72</xmin>
			<ymin>2</ymin>
			<xmax>204</xmax>
			<ymax>91</ymax>
		</bndbox>
	</object>
</annotation>
