<annotation verified="yes">
	<folder>all</folder>
	<filename>040_1.jpg</filename>
	<path>/home/lz/Lab/dataset/croped/all/040_1.jpg</path>
	<source>
		<database>Unknown</database>
	</source>
	<size>
		<width>500</width>
		<height>400</height>
		<depth>3</depth>
	</size>
	<segmented>0</segmented>
	<object>
		<name>tomato</name>
		<pose>Unspecified</pose>
		<truncated>0</truncated>
		<difficult>0</difficult>
		<bndbox>
			<xmin>387</xmin>
			<ymin>7</ymin>
			<xmax>442</xmax>
			<ymax>81</ymax>
		</bndbox>
	</object>
	<object>
		<name>tomato</name>
		<pose>Unspecified</pose>
		<truncated>0</truncated>
		<difficult>0</difficult>
		<bndbox>
			<xmin>409</xmin>
			<ymin>172</ymin>
			<xmax>460</xmax>
			<ymax>228</ymax>
		</bndbox>
	</object>
	<object>
		<name>tomato</name>
		<pose>Unspecified</pose>
		<truncated>0</truncated>
		<difficult>0</difficult>
		<bndbox>
			<xmin>425</xmin>
			<ymin>200</ymin>
			<xmax>473</xmax>
			<ymax>260</ymax>
		</bndbox>
	</object>
</annotation>
