<annotation verified="yes">
	<folder>all</folder>
	<filename>040_22.jpg</filename>
	<path>/home/lz/Lab/dataset/croped/all/040_22.jpg</path>
	<source>
		<database>Unknown</database>
	</source>
	<size>
		<width>500</width>
		<height>400</height>
		<depth>3</depth>
	</size>
	<segmented>0</segmented>
	<object>
		<name>tomato</name>
		<pose>Unspecified</pose>
		<truncated>0</truncated>
		<difficult>0</difficult>
		<bndbox>
			<xmin>67</xmin>
			<ymin>95</ymin>
			<xmax>92</xmax>
			<ymax>124</ymax>
		</bndbox>
	</object>
	<object>
		<name>tomato</name>
		<pose>Unspecified</pose>
		<truncated>0</truncated>
		<difficult>0</difficult>
		<bndbox>
			<xmin>451</xmin>
			<ymin>38</ymin>
			<xmax>492</xmax>
			<ymax>99</ymax>
		</bndbox>
	</object>
</annotation>
