<annotation verified="yes">
	<folder>all</folder>
	<filename>059_9.jpg</filename>
	<path>/home/lz/Lab/dataset/croped/all/059_9.jpg</path>
	<source>
		<database>Unknown</database>
	</source>
	<size>
		<width>400</width>
		<height>500</height>
		<depth>3</depth>
	</size>
	<segmented>0</segmented>
	<object>
		<name>tomato</name>
		<pose>Unspecified</pose>
		<truncated>1</truncated>
		<difficult>0</difficult>
		<bndbox>
			<xmin>295</xmin>
			<ymin>183</ymin>
			<xmax>400</xmax>
			<ymax>417</ymax>
		</bndbox>
	</object>
	<object>
		<name>tomato</name>
		<pose>Unspecified</pose>
		<truncated>1</truncated>
		<difficult>0</difficult>
		<bndbox>
			<xmin>326</xmin>
			<ymin>8</ymin>
			<xmax>400</xmax>
			<ymax>252</ymax>
		</bndbox>
	</object>
	<object>
		<name>tomato</name>
		<pose>Unspecified</pose>
		<truncated>1</truncated>
		<difficult>0</difficult>
		<bndbox>
			<xmin>345</xmin>
			<ymin>388</ymin>
			<xmax>397</xmax>
			<ymax>500</ymax>
		</bndbox>
	</object>
</annotation>
