<annotation verified="yes">
	<folder>all</folder>
	<filename>065_8.jpg</filename>
	<path>/home/lz/Lab/dataset/croped/all/065_8.jpg</path>
	<source>
		<database>Unknown</database>
	</source>
	<size>
		<width>400</width>
		<height>500</height>
		<depth>3</depth>
	</size>
	<segmented>0</segmented>
	<object>
		<name>tomato</name>
		<pose>Unspecified</pose>
		<truncated>1</truncated>
		<difficult>0</difficult>
		<bndbox>
			<xmin>212</xmin>
			<ymin>1</ymin>
			<xmax>323</xmax>
			<ymax>49</ymax>
		</bndbox>
	</object>
	<object>
		<name>tomato</name>
		<pose>Unspecified</pose>
		<truncated>1</truncated>
		<difficult>0</difficult>
		<bndbox>
			<xmin>1</xmin>
			<ymin>56</ymin>
			<xmax>88</xmax>
			<ymax>311</ymax>
		</bndbox>
	</object>
</annotation>
